,0
0,Hilux
1,Amarok
2,208
3,Fiesta
4,Ranger
5,EcoSport
6,Gol Trend
7,Corolla
8,207
9,Vento
10,Kangoo
11,308
12,Focus III
13,Gol
14,Clio Mío
15,Suran
16,KA
17,Palio
18,Partner
19,Focus
20,Sandero
21,Onix
22,408
23,Fox
24,Classic
25,C3
26,Golf
27,A3
28,Duster
29,Etios
30,Cruze
31,Tracker
32,S-10
33,Berlingo
34,Corsa II
35,Siena
36,Prisma
37,Up
38,C4
39,C4 Lounge
40,Fiorino
41,Renegade
42,Voyage
43,Sandero Stepway
44,Logan
45,Serie 3
46,307
47,Bora
48,Civic
49,A4
50,Fluence
51,Agile
52,206
53,Saveiro
54,Punto
55,500
56,Toro
57,Uno
58,Fit
59,Strada
60,Celta
61,Polo
62,2008
63,Spin
64,Serie 1
65,CRV
66,Master
67,Duster Oroch
68,HR-V
69,Compass
70,A1
71,Journey
72,Meriva
73,Kwid
74,Corsa Classic
75,Cronos
76,Passat
77,Mobi
78,3008
79,Fun
80,Mondeo
81,Astra II
82,Xsara Picasso
83,Mégane
84,Captur
85,Rav 4
86,A5
87,Sonic
88,Grand C4 Spacetourer
89,1500
90,Tiida
91,Tiggo
92,Aveo
93,Captiva
94,Clase A
95,Kicks
96,Q5
97,Argo
98,Grand Cherokee
99,Kuga
100,Tucson
101,Versa
102,Idea
103,Qubo
104,City
105,C3 Picasso
106,Scirocco
107,Frontier
108,Sentra
109,C4 Cactus
110,QQ
111,Yaris
112,Vectra
113,Symbol
114,Sorento
115,C4 Aircross
116,Tiguan
117,Grand Siena
118,CrossFox
119,TT
120,Koleos
121,X1
122,Virtus
123,Ram
124,Serie 2
125,T-Cross
126,Weekend
127,Cobalt
128,Sportage
129,L-200
130,DS3
131,Montana
132,Santa Fe
133,Q3
